{
  "Name": "cfn-test-bot-e5ce542-project2",
  "OrgId": "63350255419cf25e3d511c95",
  "ApiKeys": {
    "PublicKey": "xfqavjxw",
    "PrivateKey": "7568e028-2e8b-424d-824b-17f3ad73d746"
  },
  "ProjectSettings": {
    "IsCollectDatabaseSpecificsStatisticsEnabled": "false",
    "IsDataExplorerEnabled": "false",
    "IsPerformanceAdvisorEnabled": "false",
    "IsRealtimePerformancePanelEnabled": "false",
    "IsSchemaAdvisorEnabled": "false"
  },
  "ProjectApiKeys": [
    {
      "Key": "637e304b4e397e732cd19439",
      "RoleNames": [
        "GROUP_MEMBER"
      ]
    }
  ],
  "ProjectTeams": [
    {
      "Key": "api_key_goes_here",
      "RoleNames": [
        "GROUP_OWNER"
      ],
      "TeamId": "637e2fe63500125217ce9d40"
    }
  ]
}
